strategy,num_patients,needle_coverage_rate,faithfulness_rate,focused_summary_rate,avg_needle_sim,avg_context_sim
bm25,100,0.98,0.99,0.98,89.95673986746553,86.38499017774147
faiss_cos,100,0.99,0.99,0.99,88.69004194468339,85.17630768020456
faiss_euc,100,0.99,0.99,0.99,89.14293364848974,86.13155609308484
hybrid,100,0.99,0.99,0.99,90.33196226943342,86.84166525173643
