strategy,num_patients,needle_coverage_rate,faithfulness_rate,focused_summary_rate,avg_needle_sim,avg_context_sim
bm25,1000,0.481,0.419,0.387,53.75192169550043,42.87576877138756
colbert,1000,0.607,0.619,0.508,66.67583008016916,62.56131096561439
faiss,1000,0.572,0.425,0.391,65.14143048851862,48.83116553745285
faiss_mmr,1000,0.614,0.456,0.429,66.56355321222561,50.94953384859786
hybrid,1000,0.602,0.489,0.448,66.88152418079655,52.59621468774331
full_context_baseline,1000,0.373,0.483,0.222,56.134869695792446,59.87841721542616
semantic_chunking,1000,0.599,0.441,0.409,66.68460213881175,50.991448058745206
splade,1000,0.646,0.51,0.458,69.92881807489717,55.01825497511543
