strategy,num_patients,needle_coverage_rate,faithfulness_rate,focused_summary_rate,avg_needle_sim,avg_context_sim
bm25,1000,0.983,0.99,0.981,89.5509976298118,85.83732024123594
colbert,1000,0.897,0.951,0.896,86.55451841114677,86.92728228659445
faiss_cos,1000,0.957,0.961,0.946,88.21174643801368,84.18748338974888
faiss_euc,1000,0.958,0.959,0.946,88.19130068580742,84.25157522749139
hybrid,1000,0.983,0.988,0.979,89.41088490333422,85.64109045757459
