strategy,num_patients,accuracy
bm25,100,0.9795081967213115
faiss_cos,100,0.9631147540983607
faiss_euc,100,0.9631147540983607
hybrid,100,0.9795081967213115
